Sample;Sample_ID;Grain_ID;206Pb_238U;206Pb_238U_err_1s;207Pb_235U;207Pb_235U_err_1s;RHO;75Age;75Age_err;68Age;68Age_err_2s;BestAge;BestAge_err;Disc
060065_01;060065;01;0,01;0,00;0,04;0,00;0,20;42,79;2,88;37,55;0,51;37,55;0,51;0,12
060065_02;060065;02;0,01;0,00;0,04;0,00;0,96;40,08;0,79;39,42;0,76;39,42;0,76;0,02
060065_03;060065;03;0,01;0,00;0,08;0,01;0,22;76,36;10,13;38,89;1,15;38,89;1,15;0,49
060065_04;060065;04;0,01;0,00;0,06;0,01;0,11;58,19;14,30;37,09;1,01;37,09;1,01;0,36
060065_05;060065;05;0,01;0,00;0,04;0,00;0,63;40,24;1,24;36,94;0,72;36,94;0,72;0,08
060065_06;060065;06;0,01;0,00;0,04;0,00;0,17;43,17;5,33;37,27;0,79;37,27;0,79;0,14
060065_07;060065;07;0,01;0,00;0,05;0,00;0,15;45,40;3,01;37,34;0,37;37,34;0,37;0,18
060065_08;060065;08;0,01;0,00;0,06;0,00;0,16;55,45;7,68;37,97;0,88;37,97;0,88;0,32
060065_09;060065;09;0,01;0,00;0,04;0,00;0,37;37,93;1,41;36,50;0,51;36,50;0,51;0,04
060065_10;060065;10;0,01;0,00;0,38;0,04;0,42;325,12;55,44;54,93;4,65;54,93;4,65;0,83
060065_11;060065;11;0,01;0,00;0,10;0,03;0,03;100,28;48,42;36,74;0,44;36,74;0,44;0,63
060065_12;060065;12;0,01;0,00;0,04;0,00;0,40;38,18;1,37;37,26;0,54;37,26;0,54;0,02
060065_13;060065;13;0,01;0,00;0,05;0,00;0,22;48,97;4,16;37,78;0,72;37,78;0,72;0,23
060065_14;060065;14;0,01;0,00;0,05;0,00;0,17;52,68;3,43;38,15;0,44;38,15;0,44;0,28
060065_15;060065;15;0,01;0,00;0,04;0,00;0,09;41,63;5,32;36,35;0,44;36,35;0,44;0,13
060065_16;060065;16;0,01;0,00;0,04;0,00;0,43;40,10;1,70;36,73;0,69;36,73;0,69;0,08
060065_17;060065;17;0,01;0,00;0,04;0,00;0,19;37,39;3,33;36,35;0,63;36,35;0,63;0,03
060065_18;060065;18;0,01;0,00;0,04;0,00;0,21;40,75;2,99;36,56;0,56;36,56;0,56;0,10
060065_19;060065;19;0,01;0,00;0,04;0,00;0,56;39,78;1,08;37,33;0,58;37,33;0,58;0,06
060065_20;060065;20;0,01;0,00;0,04;0,00;0,14;43,17;3,87;37,06;0,46;37,06;0,46;0,14
060067_01;060067;01;0,01;0,00;0,05;0,00;0,16;49,77;4,02;36,92;0,49;36,92;0,49;0,26
060067_02;060067;02;0,01;0,00;0,04;0,00;0,19;37,95;2,42;35,85;0,44;35,85;0,44;0,06
060067_03;060067;03;0,01;0,00;0,04;0,00;0,09;40,37;4,32;36,54;0,35;36,54;0,35;0,09
060067_04;060067;04;0,01;0,00;0,04;0,00;0,10;39,30;3,43;36,17;0,33;36,17;0,33;0,08
060067_05;060067;05;0,01;0,00;0,04;0,00;0,17;40,18;2,26;36,37;0,35;36,37;0,35;0,10
060067_06;060067;06;0,01;0,00;0,04;0,00;0,13;43,79;4,13;36,34;0,44;36,34;0,44;0,17
060067_07;060067;07;0,01;0,00;0,06;0,01;0,10;61,11;13,45;37,75;0,83;37,75;0,83;0,38
060067_08;060067;08;0,01;0,00;0,04;0,00;0,07;44,22;7,02;36,42;0,42;36,42;0,42;0,18
060067_09;060067;09;0,01;0,00;0,09;0,01;0,24;87,32;11,16;39,53;1,27;39,53;1,27;0,55
060067_10;060067;10;0,01;0,00;0,04;0,00;0,23;37,93;2,07;35,51;0,45;35,51;0,45;0,06
060067_11;060067;11;0,01;0,00;0,04;0,00;0,17;38,31;2,10;36,49;0,35;36,49;0,35;0,05
060067_12;060067;12;0,01;0,00;0,04;0,00;0,34;37,94;1,03;35,80;0,33;35,80;0,33;0,06
060067_13;060067;13;0,01;0,00;0,05;0,00;0,15;47,69;3,64;36,59;0,42;36,59;0,42;0,23
060067_14;060067;14;0,01;0,00;0,04;0,00;0,11;41,54;4,90;35,70;0,45;35,70;0,45;0,14
060067_15;060067;15;0,01;0,00;0,04;0,00;0,44;38,40;0,95;36,44;0,40;36,44;0,40;0,05
060067_16;060067;16;0,01;0,00;0,04;0,00;0,25;37,92;1,71;36,33;0,42;36,33;0,42;0,04
060067_17;060067;17;0,01;0,00;0,04;0,00;0,22;37,30;2,29;36,34;0,51;36,34;0,51;0,03
060067_18;060067;18;0,01;0,00;0,04;0,00;0,27;38,65;1,07;36,31;0,28;36,31;0,28;0,06
060067_19;060067;19;0,01;0,00;0,04;0,00;0,20;38,82;2,06;35,53;0,38;35,53;0,38;0,08
060067_20;060067;20;0,01;0,00;0,04;0,00;0,11;41,23;3,98;36,51;0,38;36,51;0,38;0,11
060072_01;060072;01;0,01;0,00;0,08;0,00;0,15;76,58;3,32;66,40;0,46;66,40;0,46;0,13
060072_02;060072;02;0,01;0,00;0,08;0,00;0,19;80,45;4,26;66,78;0,71;66,78;0,71;0,17
060072_03;060072;03;0,01;0,00;0,07;0,00;0,71;70,57;0,99;68,95;0,71;68,95;0,71;0,02
060072_04;060072;04;0,01;0,00;0,12;0,00;0,60;117,90;7,90;86,70;3,64;86,70;3,64;0,26
060072_05;060072;05;0,01;0,00;0,49;0,01;0,31;404,97;11,13;87,91;0,89;87,91;0,89;0,78
060072_06;060072;06;0,01;0,00;0,07;0,00;0,49;68,56;1,08;66,97;0,53;66,97;0,53;0,02
060072_07;060072;07;0,01;0,00;0,07;0,00;0,70;68,60;1,29;65,81;0,89;65,81;0,89;0,04
060072_08;060072;08;0,01;0,00;0,08;0,00;0,91;74,80;2,00;72,97;1,83;72,97;1,83;0,02
060072_09;060072;09;0,01;0,00;0,08;0,00;0,22;73,60;2,40;68,00;0,51;68,00;0,51;0,08
060072_10;060072;10;0,01;0,00;0,07;0,00;0,35;69,32;3,19;66,05;1,10;66,05;1,10;0,05
060072_11;060072;11;0,01;0,00;0,08;0,00;0,79;75,34;1,60;70,32;1,21;70,32;1,21;0,07
060072_12;060072;12;0,01;0,00;0,10;0,01;0,10;95,68;13,14;69,40;1,00;69,40;1,00;0,27
060072_13;060072;13;0,01;0,00;0,07;0,00;0,53;68,43;1,42;67,19;0,76;67,19;0,76;0,02
060072_14;060072;14;0,01;0,00;0,29;0,02;0,20;259,17;32,10;77,00;2,12;77,00;2,12;0,70
060072_15;060072;15;0,01;0,00;0,07;0,00;0,74;67,65;1,18;66,46;0,89;66,46;0,89;0,02
060072_16;060072;16;0,01;0,00;0,11;0,00;0,16;102,94;6,92;68,14;0,74;68,14;0,74;0,34
060072_17;060072;17;0,01;0,00;0,07;0,00;0,35;68,67;1,86;67,11;0,65;67,11;0,65;0,02
060072_18;060072;18;0,01;0,00;0,28;0,01;0,34;253,03;9,27;76,89;1,08;76,89;1,08;0,70
060072_19;060072;19;0,01;0,00;0,08;0,00;0,20;78,11;3,41;67,79;0,62;67,79;0,62;0,13
060072_20;060072;20;0,01;0,00;0,11;0,01;0,09;107,08;9,60;68,86;0,57;68,86;0,57;0,36
060072_21;060072;21;0,01;0,00;0,08;0,00;0,31;82,17;1,70;69,80;0,47;69,80;0,47;0,15
060072_22;060072;22;0,01;0,00;0,11;0,00;0,20;103,24;4,58;68,45;0,62;68,45;0,62;0,34
060072_23;060072;23;0,01;0,00;0,07;0,00;0,53;69,24;1,33;65,94;0,69;65,94;0,69;0,05
060072_24;060072;24;0,01;0,00;0,07;0,00;0,82;69,84;1,28;67,28;1,04;67,28;1,04;0,04
060072_25;060072;25;0,01;0,00;0,05;0,00;0,47;49,49;0,86;47,41;0,40;47,41;0,40;0,04
060072_26;060072;26;0,01;0,00;0,08;0,00;0,36;80,54;1,88;69,08;0,60;69,08;0,60;0,14
060072_27;060072;27;0,01;0,00;0,10;0,00;0,25;96,05;3,52;70,21;0,67;70,21;0,67;0,27
060072_28;060072;28;0,01;0,00;0,09;0,00;0,23;82,91;4,58;66,78;0,87;66,78;0,87;0,19
060072_29;060072;29;0,02;0,00;1,36;0,12;0,62;871,88;100,10;151,04;16,07;151,04;16,07;0,83
060072_30;060072;30;0,01;0,00;0,42;0,02;0,13;359,29;31,38;92,32;1,20;92,32;1,20;0,74
070242_01_01;070242;01_01;0,01;0,00;0,06;0,00;0,24;57,33;4,69;57,90;1,17;57,90;1,17;-0,01
070242_01_02;070242;01_02;0,01;0,00;0,05;0,00;0,37;49,16;2,08;46,41;0,74;46,41;0,74;0,06
070242_01B;070242;01B;0,01;0,00;0,05;0,00;0,45;46,89;2,15;50,54;1,06;50,54;1,06;-0,08
070242_02_01;070242;02_01;0,01;0,00;0,06;0,00;0,81;59,02;1,87;56,34;1,49;56,34;1,49;0,05
070242_02_02;070242;02_02;0,01;0,00;0,05;0,00;0,65;48,56;0,77;47,71;0,50;47,71;0,50;0,02
070242_02B;070242;02B;0,01;0,00;0,06;0,00;0,88;60,03;3,34;59,69;2,99;59,69;2,99;0,01
070242_03_01;070242;03_01;0,01;0,00;0,06;0,00;0,44;61,75;4,98;54,95;1,98;54,95;1,98;0,11
070242_03_02;070242;03_02;0,01;0,00;0,05;0,00;0,90;50,11;1,31;49,21;1,19;49,21;1,19;0,02
070242_03B;070242;03B;0,01;0,00;0,06;0,00;0,62;61,90;3,12;59,12;1,89;59,12;1,89;0,05
070242_04_01;070242;04_01;0,01;0,00;0,06;0,00;0,47;61,69;3,99;53,89;1,68;53,89;1,68;0,13
070242_04_02;070242;04_02;0,01;0,00;0,05;0,00;0,55;49,05;2,28;48,11;1,27;48,11;1,27;0,02
070242_05_01;070242;05_01;0,01;0,00;0,06;0,00;0,83;55,86;2,47;55,02;2,06;55,02;2,06;0,02
070242_05_02;070242;05_02;0,01;0,00;0,05;0,00;0,56;52,96;2,33;49,03;1,23;49,03;1,23;0,07
070242_05B;070242;05B;0,01;0,00;0,06;0,00;0,96;62,36;5,55;60,95;5,37;60,95;5,37;0,02
070242_06_01;070242;06_01;0,01;0,00;0,06;0,00;0,61;59,14;3,98;53,48;2,25;53,48;2,25;0,10
070242_06_02;070242;06_02;0,01;0,00;0,05;0,00;0,85;49,92;1,34;48,69;1,13;48,69;1,13;0,02
070242_06B;070242;06B;0,01;0,00;0,05;0,00;0,85;51,98;1,57;51,63;1,35;51,63;1,35;0,01
070242_07_01;070242;07_01;0,01;0,00;0,06;0,00;0,28;60,83;5,46;53,64;1,36;53,64;1,36;0,12
070242_07_02;070242;07_02;0,01;0,00;0,06;0,00;0,30;54,66;2,76;51,54;0,81;51,54;0,81;0,06
070242_07B;070242;07B;0,01;0,00;0,05;0,00;0,66;52,82;2,60;52,16;1,74;52,16;1,74;0,01
070242_08_01;070242;08_01;0,01;0,00;0,05;0,00;0,35;53,20;4,99;52,58;1,78;52,58;1,78;0,01
070242_08_02;070242;08_02;0,01;0,00;0,05;0,00;0,46;52,39;2,68;48,01;1,16;48,01;1,16;0,08
070242_08B;070242;08B;0,01;0,00;0,06;0,00;0,80;55,44;1,49;51,67;1,15;51,67;1,15;0,07
070242_09_01;070242;09_01;0,01;0,00;0,06;0,00;0,46;59,54;4,92;55,86;2,15;55,86;2,15;0,06
070242_09_02;070242;09_02;0,01;0,00;0,05;0,00;0,52;50,93;2,04;48,66;1,03;48,66;1,03;0,04
070242_09B;070242;09B;0,01;0,00;0,05;0,00;0,29;51,14;4,20;51,78;1,27;51,78;1,27;-0,01
070242_10_01;070242;10_01;0,01;0,00;0,06;0,00;0,72;55,73;2,10;52,39;1,46;52,39;1,46;0,06
070242_10_02;070242;10_02;0,01;0,00;0,05;0,00;0,43;52,16;2,67;47,70;1,07;47,70;1,07;0,09
070242_10B;070242;10B;0,01;0,00;0,06;0,00;0,25;63,26;4,20;53,09;0,89;53,09;0,89;0,16
070242_11_01;070242;11_01;0,01;0,00;0,19;0,00;0,84;172,75;6,38;63,96;2,16;63,96;2,16;0,63
070242_11_02;070242;11_02;0,01;0,00;0,35;0,03;0,41;303,67;52,03;66,75;5,47;66,75;5,47;0,78
070242_11B;070242;11B;0,01;0,00;0,03;0,00;0,31;33,75;2,13;40,09;0,80;40,09;0,80;-0,19
070242_11C;070242;11C;0,01;0,00;0,06;0,00;0,68;57,91;1,96;52,82;1,24;52,82;1,24;0,09
070242_12_01;070242;12_01;0,01;0,00;0,05;0,01;0,19;45,98;20,65;67,60;5,72;67,60;5,72;-0,47
070242_12_02;070242;12_02;0,01;0,00;0,12;0,03;0,09;118,46;52,64;50,40;1,99;50,40;1,99;0,57
070242_12B;070242;12B;0,01;0,00;0,06;0,00;0,37;56,13;4,44;53,36;1,61;53,36;1,61;0,05
070242_13_01;070242;13_01;0,01;0,00;0,06;0,00;0,91;54,40;1,61;51,93;1,44;51,93;1,44;0,05
070242_13_02;070242;13_02;0,01;0,00;0,06;0,00;0,45;54,38;2,46;49,05;1,01;49,05;1,01;0,10
070242_13B;070242;13B;0,01;0,00;0,06;0,00;0,62;62,66;4,07;62,38;2,58;62,38;2,58;0,00
070242_13C;070242;13C;0,01;0,00;-0,06;-0,03;0,09;-64,84;-74,43;54,57;5,09;54,57;5,09;1,84
070242_14_01;070242;14_01;0,01;0,00;0,06;0,00;0,98;57,62;3,49;53,34;3,25;53,34;3,25;0,07
070242_14_02;070242;14_02;0,01;0,00;0,06;0,00;0,42;55,83;2,36;49,42;0,89;49,42;0,89;0,11
070242_14B;070242;14B;0,01;0,00;0,05;0,00;0,79;52,59;1,79;52,31;1,44;52,31;1,44;0,01
070242_15_01;070242;15_01;0,01;0,00;0,05;0,00;0,09;53,60;9,21;49,11;0,75;49,11;0,75;0,08
070242_15_02;070242;15_02;0,01;0,00;0,05;0,00;0,33;52,32;2,89;48,50;0,91;48,50;0,91;0,07
070242_16_01;070242;16_01;0,01;0,00;0,06;0,00;0,36;60,63;3,61;51,53;1,12;51,53;1,12;0,15
070242_16_02;070242;16_02;0,01;0,00;0,07;0,00;0,37;67,02;6,76;52,01;1,99;52,01;1,99;0,22
070242_17_01;070242;17_01;0,01;0,00;0,06;0,00;0,74;56,68;2,02;50,13;1,36;50,13;1,36;0,12
070242_17_02;070242;17_02;0,01;0,00;0,07;0,00;0,37;67,02;6,76;52,01;1,99;52,01;1,99;0,22
070242_18_01;070242;18_01;0,01;0,00;0,06;0,00;0,52;58,08;1,01;53,52;0,50;53,52;0,50;0,08
070242_18_02;070242;18_02;0,01;0,00;0,05;0,00;0,59;51,67;1,56;49,25;0,89;49,25;0,89;0,05
070242_19_01;070242;19_01;0,01;0,00;0,05;0,00;0,70;54,03;1,64;52,21;1,13;52,21;1,13;0,03
070242_19_02;070242;19_02;0,01;0,00;0,06;0,00;0,43;57,67;3,46;52,83;1,41;52,83;1,41;0,08
070242_20_01;070242;20_01;0,01;0,00;0,05;0,00;0,68;51,08;1,31;49,50;0,88;49,50;0,88;0,03
070242_20_02;070242;20_02;0,01;0,00;0,06;0,00;0,67;63,52;2,99;52,12;1,68;52,12;1,68;0,18
070242_21;070242;21;0,01;0,00;0,06;0,00;0,25;63,51;5,00;56,85;1,17;56,85;1,17;0,10
070242_22;070242;22;0,01;0,00;0,08;0,00;0,82;78,20;3,10;63,56;2,14;63,56;2,14;0,19
070242_23;070242;23;0,01;0,00;0,06;0,00;0,83;62,82;2,31;58,04;1,82;58,04;1,82;0,08
070242_24;070242;24;0,01;0,00;0,06;0,00;0,59;61,74;3,13;59,41;1,82;59,41;1,82;0,04
070242_25;070242;25;0,01;0,00;0,09;0,01;0,14;83,40;11,47;56,54;1,14;56,54;1,14;0,32
070242_26;070242;26;0,01;0,00;0,06;0,00;0,80;58,66;1,86;57,12;1,48;57,12;1,48;0,03
070242_27;070242;27;0,01;0,00;0,07;0,00;0,25;71,40;6,26;58,07;1,33;58,07;1,33;0,19
070242_28;070242;28;0,01;0,00;0,08;0,00;0,55;78,44;3,84;58,85;1,66;58,85;1,66;0,25
070242_29;070242;29;0,01;0,00;0,06;0,00;0,65;60,68;1,90;58,67;1,22;58,67;1,22;0,03
070242_30;070242;30;0,01;0,00;0,06;0,00;0,29;59,14;4,71;59,74;1,43;59,74;1,43;-0,01
070242_31;070242;31;0,01;0,00;0,07;0,00;0,36;64,01;3,04;59,02;1,03;59,02;1,03;0,08
070242_32;070242;32;0,01;0,00;0,06;0,00;0,43;58,21;4,35;59,92;1,98;59,92;1,98;-0,03
070242_33;070242;33;0,01;0,00;0,06;0,00;0,68;61,26;1,93;59,84;1,32;59,84;1,32;0,02
070242_34;070242;34;0,01;0,00;0,06;0,00;0,40;57,56;3,85;58,35;1,59;58,35;1,59;-0,01
070242_35;070242;35;0,01;0,00;0,08;0,00;0,44;74,98;5,38;61,08;1,98;61,08;1,98;0,19
070242_36;070242;36;0,01;0,00;0,06;0,00;0,51;57,88;2,07;56,87;1,07;56,87;1,07;0,02
070242_37;070242;37;0,01;0,00;0,06;0,00;0,22;57,63;7,31;56,67;1,64;56,67;1,64;0,02
070242_38;070242;38;0,01;0,00;0,06;0,00;0,21;60,03;5,73;58,75;1,19;58,75;1,19;0,02
070242_39;070242;39;0,01;0,00;0,06;0,00;0,39;57,76;3,46;57,45;1,38;57,45;1,38;0,01
070242_40;070242;40;0,01;0,00;0,06;0,00;0,51;56,54;2,30;56,72;1,22;56,72;1,22;0,00
070242_41;070242;41;0,01;0,00;0,06;0,00;0,85;61,89;1,93;60,00;1,64;60,00;1,64;0,03
070242_42;070242;42;0,01;0,00;0,06;0,00;0,78;61,23;1,68;59,19;1,30;59,19;1,30;0,03
070242_43;070242;43;0,01;0,00;0,08;0,00;0,32;77,15;6,45;64,97;1,82;64,97;1,82;0,16
070242_44;070242;44;0,01;0,00;0,07;0,00;0,66;69,31;1,27;68,04;0,84;68,04;0,84;0,02
070242_45;070242;45;0,01;0,00;0,07;0,00;0,48;66,25;4,27;62,47;1,98;62,47;1,98;0,06
070242_46;070242;46;0,01;0,00;0,06;0,00;0,43;63,08;3,63;59,36;1,51;59,36;1,51;0,06
070242_47;070242;47;0,01;0,00;0,08;0,00;0,48;80,36;5,02;68,58;2,15;68,58;2,15;0,15
070242_48;070242;48;0,01;0,00;0,07;0,00;0,79;64,45;2,56;61,47;1,98;61,47;1,98;0,05
070242_49;070242;49;0,01;0,00;0,07;0,00;0,56;63,99;2,74;60,26;1,49;60,26;1,49;0,06
070242_50;070242;50;0,01;0,00;0,06;0,00;0,55;62,88;3,98;60,38;2,14;60,38;2,14;0,04
070242_51;070242;51;0,01;0,00;0,06;0,00;0,84;61,83;2,47;62,35;2,14;62,35;2,14;-0,01
070242_52;070242;52;0,01;0,00;0,07;0,00;0,45;67,12;5,81;61,01;2,47;61,01;2,47;0,09
070242_53;070242;53;0,01;0,00;0,07;0,00;0,62;67,59;3,76;60,22;2,14;60,22;2,14;0,11
070242_54;070242;54;0,01;0,00;0,06;0,00;0,77;61,57;2,14;60,05;1,66;60,05;1,66;0,02
070242_55;070242;55;0,01;0,00;0,11;0,01;0,19;109,19;20,69;71,02;2,63;71,02;2,63;0,35
070242_56;070242;56;0,01;0,00;0,07;0,00;0,91;64,00;2,50;62,80;2,31;62,80;2,31;0,02
070242_57;070242;57;0,01;0,00;0,06;0,00;0,62;60,99;3,20;59,79;1,98;59,79;1,98;0,02
070242_58;070242;58;0,01;0,00;0,07;0,00;0,57;71,17;3,62;61,05;1,82;61,05;1,82;0,14
070242_59;070242;59;0,01;0,00;0,06;0,00;0,64;63,83;3,50;59,89;2,14;59,89;2,14;0,06
070242_60;070242;60;0,01;0,00;0,06;0,00;0,92;63,24;2,67;62,29;2,47;62,29;2,47;0,01
070242_61;070242;61;0,01;0,00;0,11;0,01;0,37;106,73;9,88;68,31;2,47;68,31;2,47;0,36
070242_62;070242;62;0,01;0,00;0,08;0,00;0,13;75,35;5,93;62,50;0,68;62,50;0,68;0,17
070242_63;070242;63;0,01;0,00;0,07;0,00;0,83;64,23;2,42;61,90;1,98;61,90;1,98;0,04
070242_64;070242;64;0,01;0,00;0,06;0,00;0,29;59,49;8,48;62,17;2,63;62,17;2,63;-0,05
070242_65;070242;65;0,01;0,00;0,07;0,00;0,85;65,73;3,26;64,66;2,80;64,66;2,80;0,02
070242_66;070242;66;0,01;0,00;0,07;0,00;0,74;70,48;2,92;62,82;1,98;62,82;1,98;0,11
070242_67;070242;67;0,01;0,00;0,07;0,00;0,79;67,99;2,62;63,22;1,98;63,22;1,98;0,07
070242_68;070242;68;0,01;0,00;0,07;0,00;0,81;65,11;2,31;61,49;1,82;61,49;1,82;0,06
070242_69;070242;69;0,01;0,00;0,08;0,00;0,90;79,49;4,86;69,20;3,94;69,20;3,94;0,13
070242_70;070242;70;0,01;0,00;0,07;0,00;0,74;65,68;3,18;62,48;2,31;62,48;2,31;0,05
070287_01_01;070287;01_01;0,01;0,00;0,05;0,01;0,11;45,31;15,22;42,74;1,57;42,74;1,57;0,06
070287_01_02;070287;01_02;0,03;0,01;1,99;0,50;0,78;1112,20;315,52;216,19;83,54;216,19;83,54;0,81
070287_01B;070287;01B;0,01;0,00;0,05;0,01;0,16;45,62;10,01;45,26;1,64;45,26;1,64;0,01
070287_01Rim;070287;01Rim;0,01;0,00;0,06;0,01;0,10;60,50;9,61;37,94;0,58;37,94;0,58;0,37
070287_02;070287;02_01;0,01;0,00;0,06;0,01;0,11;61,01;13,98;43,84;1,11;43,84;1,11;0,28
070287_02;070287;02_02;0,01;0,00;0,05;0,00;0,18;53,78;6,94;38,37;0,92;38,37;0,92;0,29
070287_02B;070287;02B;0,01;0,00;0,06;0,00;0,22;57,12;7,83;45,29;1,42;45,29;1,42;0,21
070287_03;070287;03;0,01;0,00;0,07;0,01;0,11;72,32;12,20;44,94;0,82;44,94;0,82;0,38
070287_03B;070287;03B;0,01;0,00;0,06;0,00;0,42;55,78;5,57;47,82;2,06;47,82;2,06;0,14
070287_04;070287;04_01;0,01;0,00;0,04;0,00;0,09;37,07;9,44;41,91;0,97;41,91;0,97;-0,13
070287_04;070287;04_02;0,01;0,00;0,04;0,00;0,26;36,17;4,14;38,71;1,15;38,71;1,15;-0,07
070287_04B;070287;04B;0,01;0,00;0,05;0,00;0,34;53,61;5,83;47,09;1,78;47,09;1,78;0,12
070287_05;070287;05_01;0,01;0,00;0,04;0,01;0,06;35,96;16,27;41,69;1,08;41,69;1,08;-0,16
070287_05;070287;05_02;0,01;0,00;0,05;0,00;0,38;51,21;5,89;41,02;1,85;41,02;1,85;0,20
070287_05B;070287;05B;0,01;0,00;0,04;0,00;0,13;41,64;8,41;47,24;1,24;47,24;1,24;-0,13
070287_06;070287;06_01;0,01;0,00;0,06;0,01;0,17;56,73;9,86;44,17;1,35;44,17;1,35;0,22
070287_06;070287;06_02;0,01;0,00;0,05;0,00;0,26;49,18;6,04;39,41;1,29;39,41;1,29;0,20
070287_06B;070287;06B;0,01;0,00;0,07;0,01;0,16;65,80;23,48;46,89;2,77;46,89;2,77;0,29
070287_07;070287;07_01;0,01;0,00;0,01;0,01;0,04;14,02;16,36;44,79;1,49;44,79;1,49;-2,19
070287_07;070287;07_02;0,01;0,00;0,05;0,00;0,32;54,04;4,23;41,46;1,06;41,46;1,06;0,23
070287_07B;070287;07B;0,01;0,00;0,06;0,01;0,12;59,29;19,56;50,11;1,93;50,11;1,93;0,15
070287_08;070287;08_01;0,01;0,00;0,03;0,01;0,07;31,78;10,44;42,52;0,98;42,52;0,98;-0,34
070287_08;070287;08_02;0,01;0,00;0,05;0,00;0,18;46,21;5,89;38,99;0,91;38,99;0,91;0,16
070287_08B;070287;08B;0,01;0,00;0,05;0,00;0,33;49,80;5,84;51,87;2,07;51,87;2,07;-0,04
070287_09;070287;09;0,01;0,00;0,04;0,01;0,09;36,73;20,23;44,41;2,11;44,41;2,11;-0,21
070287_09B;070287;09B;0,01;0,00;0,05;0,00;0,44;49,84;4,02;45,40;1,64;45,40;1,64;0,09
070287_10;070287;10_01;0,01;0,00;0,03;0,01;0,09;33,61;14,09;43,12;1,54;43,12;1,54;-0,28
070287_10;070287;10_02;0,01;0,00;0,04;0,00;0,12;39,53;6,39;39,73;0,77;39,73;0,77;-0,01
070287_10B;070287;10B;0,01;0,00;0,18;0,04;0,39;167,41;68,20;56,27;9,65;56,27;9,65;0,66
070287_11;070287;11_01;0,01;0,00;0,05;0,01;0,08;47,22;23,39;45,43;1,84;45,43;1,84;0,04
070287_11;070287;11_02;0,01;0,00;0,05;0,00;0,19;45,77;5,06;40,41;0,84;40,41;0,84;0,12
070287_11B;070287;11B;0,01;0,00;0,05;0,00;0,21;48,34;7,08;46,52;1,46;46,52;1,46;0,04
070287_12;070287;12_01;0,01;0,00;0,06;0,01;0,10;62,08;19,21;46,48;1,43;46,48;1,43;0,25
070287_12;070287;12_02;0,01;0,00;0,06;0,00;0,34;63,81;8,83;41,29;1,99;41,29;1,99;0,35
070287_12B;070287;12B;0,01;0,00;0,23;0,04;0,35;208,66;60,68;60,45;6,78;60,45;6,78;0,71
070287_13;070287;13_01;0,01;0,00;0,02;0,01;0,06;18,78;11,77;50,01;1,87;50,01;1,87;-1,66
070287_13;070287;13_02;0,01;0,00;0,05;0,00;0,32;48,40;6,69;41,42;1,85;41,42;1,85;0,14
070287_13B;070287;13B;0,01;0,00;0,07;0,01;0,25;66,72;9,52;47,70;1,78;47,70;1,78;0,29
070287_14;070287;14_01;0,01;0,00;0,05;0,00;0,25;52,48;5,24;49,28;1,28;49,28;1,28;0,06
070287_14;070287;14_02;0,01;0,00;0,06;0,00;0,44;57,75;6,65;43,68;2,27;43,68;2,27;0,24
070287_14B;070287;14B;0,01;0,00;0,05;0,00;0,20;45,28;5,72;45,63;1,20;45,63;1,20;-0,01
070287_15;070287;15_01;0,01;0,00;0,06;0,01;0,12;58,44;17,27;49,04;1,79;49,04;1,79;0,16
070287_15;070287;15_02;0,01;0,00;0,05;0,00;0,57;52,17;3,24;43,55;1,57;43,55;1,57;0,17
070287_15B;070287;15B;0,01;0,00;0,04;0,01;0,12;35,16;12,33;47,40;2,06;47,40;2,06;-0,35
070287_16;070287;16_01;0,01;0,00;0,03;0,01;0,06;34,43;13,70;42,03;0,95;42,03;0,95;-0,22
070287_16;070287;16_02;0,01;0,00;0,05;0,00;0,26;46,72;5,60;39,08;1,24;39,08;1,24;0,16
070287_16B;070287;16B;0,01;0,00;0,06;0,01;0,10;57,67;22,38;46,16;1,78;46,16;1,78;0,20
070287_17;070287;17_01;0,01;0,00;0,04;0,00;0,12;39,31;9,40;43,60;1,30;43,60;1,30;-0,11
070287_17;070287;17_02;0,01;0,00;0,05;0,01;0,20;47,79;13,48;42,42;2,41;42,42;2,41;0,11
070287_17B;070287;17B;0,01;0,00;0,06;0,01;0,15;56,20;11,12;46,38;1,43;46,38;1,43;0,17
070287_18;070287;18_01;0,01;0,00;0,05;0,01;0,12;44,88;10,64;46,12;1,33;46,12;1,33;-0,03
070287_18;070287;18_02;0,01;0,00;0,05;0,00;0,51;48,34;3,60;40,35;1,57;40,35;1,57;0,17
070287_18B;070287;18B;0,01;0,00;0,10;0,01;0,12;99,60;23,08;48,94;1,44;48,94;1,44;0,51
070287_19;070287;19_01;0,01;0,00;0,08;0,02;0,08;73,49;36,90;43,75;1,76;43,75;1,76;0,40
070287_19;070287;19_02;0,01;0,00;0,05;0,00;0,35;48,81;3,92;39,94;1,15;39,94;1,15;0,18
070287_19B;070287;19B;0,01;0,00;0,04;0,01;0,10;41,60;11,95;46,37;1,34;46,37;1,34;-0,11
070287_20;070287;20_01;0,01;0,00;0,07;0,01;0,16;70,66;16,85;48,19;1,87;48,19;1,87;0,32
070287_20;070287;20_02;0,01;0,00;0,05;0,00;0,48;49,92;4,55;41,15;1,85;41,15;1,85;0,18
070287_20B;070287;20B;0,01;0,00;0,03;0,01;0,18;33,30;10,65;48,64;2,77;48,64;2,77;-0,46
070287_21;070287;21;0,01;0,00;0,05;0,00;0,51;50,37;3,68;41,25;1,56;41,25;1,56;0,18
070287_21B;070287;21B;0,01;0,00;0,05;0,01;0,14;50,74;10,25;45,59;1,34;45,59;1,34;0,10
070287_22;070287;22;0,01;0,00;0,06;0,00;0,29;62,50;5,55;42,03;1,13;42,03;1,13;0,33
070287_22B;070287;22B;0,01;0,00;0,06;0,01;0,10;63,06;20,87;50,37;1,65;50,37;1,65;0,20
070287_23;070287;23;0,01;0,00;0,05;0,00;0,25;46,00;6,33;41,21;1,43;41,21;1,43;0,10
070287_23B;070287;23B;0,01;0,00;0,05;0,01;0,10;52,79;19,96;45,40;1,64;45,40;1,64;0,14
070287_24;070287;24;0,01;0,00;0,06;0,00;0,22;57,24;9,30;42,55;1,57;42,55;1,57;0,26
070287_24B;070287;24B;0,01;0,00;0,06;0,01;0,18;54,54;12,73;47,48;2,06;47,48;2,06;0,13
070287_25;070287;25;0,01;0,00;0,05;0,00;0,35;46,09;6,30;41,15;1,98;41,15;1,98;0,11
070287_25B;070287;25B;0,01;0,00;0,05;0,00;0,28;49,13;5,40;46,50;1,46;46,50;1,46;0,05
070287_26;070287;26;0,01;0,00;0,05;0,00;0,30;46,40;4,59;44,86;1,36;44,86;1,36;0,03
070287_26B;070287;26B;0,01;0,00;0,06;0,00;0,27;62,09;7,41;45,36;1,50;45,36;1,50;0,27
070287_27;070287;27;0,01;0,00;0,05;0,00;0,80;47,71;1,86;44,58;1,42;44,58;1,42;0,07
070287_27B;070287;27B;0,01;0,00;0,04;0,01;0,15;44,05;10,20;46,13;1,64;46,13;1,64;-0,05
070287_28;070287;28;0,01;0,00;0,05;0,00;0,36;50,40;6,03;42,37;1,84;42,37;1,84;0,16
070287_29;070287;29;0,01;0,00;0,07;0,00;0,39;64,29;7,37;43,49;1,98;43,49;1,98;0,32
070287_30;070287;30;0,01;0,00;0,21;0,03;0,36;195,52;51,82;52,58;5,47;52,58;5,47;0,73
300334_01;300334;01;0,01;0,00;0,04;0,00;0,59;42,23;2,12;42,81;1,28;42,81;1,28;-0,01
300334_02;300334;02;0,01;0,00;0,05;0,00;0,87;51,25;2,38;45,72;1,88;45,72;1,88;0,11
300334_03;300334;03;0,01;0,00;0,04;0,00;0,10;41,34;7,00;42,85;0,74;42,85;0,74;-0,04
300334_04;300334;04;0,01;0,00;0,04;0,00;0,25;41,38;3,56;41,54;0,89;41,54;0,89;0,00
300334_05;300334;05;0,00;0,00;0,11;0,16;0,23;106,11;280,91;30,35;19,24;30,35;19,24;0,71
300334_06;300334;06;0,01;0,00;0,06;0,00;0,31;60,55;5,60;45,38;1,34;45,38;1,34;0,25
300334_07;300334;07;0,01;0,00;0,05;0,00;0,28;46,47;5,00;44,03;1,36;44,03;1,36;0,05
300334_08;300334;08;0,01;0,00;0,06;0,00;0,19;57,00;6,01;42,97;0,87;42,97;0,87;0,25
300334_09;300334;09;0,01;0,00;0,05;0,00;0,70;52,02;3,39;49,11;2,28;49,11;2,28;0,06
300334_10;300334;10;0,01;0,00;0,05;0,00;0,94;48,55;2,32;44,24;2,03;44,24;2,03;0,09
300334_11;300334;11;0,01;0,00;0,04;0,00;0,19;42,57;3,55;42,01;0,67;42,01;0,67;0,01
300334_12;300334;12;0,01;0,00;0,05;0,00;0,72;49,55;3,62;44,76;2,40;44,76;2,40;0,10
300334_13;300334;13;0,01;0,00;0,04;0,00;0,14;43,47;4,16;41,43;0,55;41,43;0,55;0,05
300334_14;300334;14;0,01;0,00;0,05;0,00;0,07;45,09;6,99;43,05;0,48;43,05;0,48;0,05
300334_15;300334;15;0,01;0,00;0,05;0,00;0,16;44,82;4,50;43,25;0,70;43,25;0,70;0,04
300334_16;300334;16;0,01;0,00;0,04;0,00;0,34;44,29;1,84;40,04;0,57;40,04;0,57;0,10
300334_17;300334;17;0,01;0,00;0,05;0,00;0,27;46,50;1,51;44,99;0,39;44,99;0,39;0,03
300334_18;300334;18;0,01;0,00;0,05;0,00;0,15;47,74;4,19;40,44;0,55;40,44;0,55;0,15
300334_19;300334;19;0,01;0,00;0,04;0,00;0,10;40,26;4,54;41,17;0,48;41,17;0,48;-0,02
300334_20;300334;20;0,01;0,00;0,04;0,00;0,08;42,35;6,58;40,38;0,53;40,38;0,53;0,05
300339-1_01;300339-1;01;0,01;0,00;0,06;0,00;0,94;57,01;2,21;54,67;2,04;54,67;2,04;0,04
300339-1_02;300339-1;02;0,01;0,00;0,06;0,00;0,63;63,71;2,76;51,23;1,44;51,23;1,44;0,20
300339-1_03;300339-1;03;0,01;0,00;0,07;0,00;0,66;71,19;3,17;61,81;1,88;61,81;1,88;0,13
300339-1_05;300339-1;05;0,01;0,00;0,09;0,01;0,64;91,83;12,53;65,15;5,91;65,15;5,91;0,29
300339-1_06;300339-1;06;0,01;0,00;0,07;0,00;0,43;67,93;6,56;49,22;2,11;49,22;2,11;0,28
300339-1_07;300339-1;07;0,01;0,00;0,06;0,00;0,40;55,81;4,96;50,76;1,83;50,76;1,83;0,09
300339-1_08;300339-1;08;0,01;0,00;0,06;0,00;0,51;58,46;4,40;47,25;1,87;47,25;1,87;0,19
300339-1_09;300339-1;09;0,01;0,00;0,06;0,00;0,66;56,01;3,42;50,03;2,06;50,03;2,06;0,11
300339-1_10;300339-1;10;0,01;0,00;0,05;0,00;0,86;51,02;1,97;47,60;1,61;47,60;1,61;0,07
300339-1_11;300339-1;11;0,01;0,00;0,07;0,00;0,27;64,14;6,32;58,18;1,56;58,18;1,56;0,09
300339-1_12;300339-1;12;0,01;0,00;0,04;0,00;0,46;42,47;3,00;45,41;1,51;45,41;1,51;-0,07
300339-1_13;300339-1;13;0,01;0,00;0,06;0,00;0,39;63,60;4,84;58,42;1,77;58,42;1,77;0,08
300339-1_14;300339-1;14;0,01;0,00;0,05;0,01;0,15;50,20;9,88;46,81;1,41;46,81;1,41;0,07
300339-1_15;300339-1;15;0,01;0,00;0,05;0,01;0,11;54,35;12,12;48,98;1,19;48,98;1,19;0,10
300339-1_16;300339-1;16;0,01;0,00;0,05;0,00;0,27;50,37;5,42;45,05;1,35;45,05;1,35;0,11
300339-1_17;300339-1;17;0,01;0,00;0,04;0,00;0,17;41,53;6,14;46,65;1,20;46,65;1,20;-0,12
300339-1_18;300339-1;18;0,01;0,00;0,05;0,00;0,61;50,13;3,07;46,80;1,79;46,80;1,79;0,07
300339-1_19;300339-1;19;0,01;0,00;0,05;0,00;0,79;50,34;2,26;47,07;1,72;47,07;1,72;0,06
300339-1_20;300339-1;20;0,01;0,00;0,05;0,00;0,83;46,38;1,89;45,76;1,58;45,76;1,58;0,01
300339-1_21;300339-1;21;0,01;0,00;0,05;0,00;0,35;46,65;5,43;52,49;2,20;52,49;2,20;-0,13
300339-1_22;300339-1;22;0,01;0,00;0,05;0,00;0,57;50,80;3,57;47,93;1,95;47,93;1,95;0,06
300339-1_23;300339-1;23;0,01;0,00;0,07;0,00;0,34;66,34;6,35;59,02;1,95;59,02;1,95;0,11
300339-1_24;300339-1;24;0,01;0,00;0,06;0,00;0,49;61,58;3,25;58,83;1,57;58,83;1,57;0,04
300339-1_25;300339-1;25;0,01;0,00;0,06;0,01;0,20;60,57;9,83;48,84;1,64;48,84;1,64;0,19
300339-1_26;300339-1;26;0,01;0,00;0,05;0,00;0,46;45,30;2,20;46,14;1,05;46,14;1,05;-0,02
300339-1_27;300339-1;27;0,01;0,00;0,06;0,00;0,41;58,27;4,27;58,06;1,77;58,06;1,77;0,00
300339-1_28;300339-1;28;0,01;0,00;0,05;0,00;0,46;52,13;3,24;46,93;1,38;46,93;1,38;0,10
300339-1_29;300339-1;29;0,01;0,00;0,06;0,00;0,46;57,51;4,52;57,03;2,10;57,03;2,10;0,01
300339-1_30;300339-1;30;0,01;0,00;0,05;0,00;0,41;45,44;4,55;47,57;1,98;47,57;1,98;-0,05
300339-1_31;300339-1;31;0,01;0,00;0,05;0,00;0,14;50,25;8,91;46,59;1,15;46,59;1,15;0,07
300339-1_32;300339-1;32;0,01;0,00;0,05;0,00;0,46;45,70;2,90;46,65;1,38;46,65;1,38;-0,02
300339-1_33;300339-1;33;0,01;0,00;0,06;0,00;0,43;58,43;4,84;48,96;1,77;48,96;1,77;0,16
300339-1_34;300339-1;34;0,01;0,00;0,06;0,00;0,43;56,78;3,27;48,41;1,23;48,41;1,23;0,15
300339-1_35;300339-1;35;0,01;0,00;0,05;0,00;0,54;49,52;1,92;49,39;1,06;49,39;1,06;0,00
300339-1_36;300339-1;36;0,01;0,00;0,05;0,00;0,61;50,12;2,69;47,12;1,56;47,12;1,56;0,06
300339-1_37;300339-1;37;0,01;0,00;0,05;0,00;0,48;48,90;3,58;46,32;1,66;46,32;1,66;0,05
300339-1_38;300339-1;38;0,01;0,00;0,05;0,00;0,19;46,38;6,06;44,93;1,15;44,93;1,15;0,03
300339-1_39;300339-1;39;0,01;0,00;0,05;0,00;0,52;54,10;3,40;47,33;1,59;47,33;1,59;0,12
300339-1_40;300339-1;40;0,01;0,00;0,07;0,00;0,39;66,08;4,90;59,13;1,77;59,13;1,77;0,11
300339-1_41;300339-1;41;0,01;0,00;0,06;0,00;0,54;57,12;2,53;50,67;1,24;50,67;1,24;0,11
300339-1_42;300339-1;42;0,01;0,00;0,05;0,00;0,35;48,04;4,64;46,36;1,61;46,36;1,61;0,03
300339-1_43;300339-1;43;0,01;0,00;0,05;0,00;0,36;51,90;5,12;49,49;1,80;49,49;1,80;0,05
300339-1_44;300339-1;44;0,01;0,00;0,05;0,00;0,79;50,26;2,19;47,65;1,67;47,65;1,67;0,05
300339-1_45;300339-1;45;0,01;0,00;0,12;0,01;0,18;119,54;14,50;52,83;1,25;52,83;1,25;0,56
300339-1_46;300339-1;46;0,01;0,00;0,07;0,01;0,29;66,91;14,62;49,85;3,25;49,85;3,25;0,25
300339-1_47;300339-1;47;0,01;0,00;0,05;0,00;0,31;47,89;3,89;45,86;1,18;45,86;1,18;0,04
300339-1_48;300339-1;48;0,01;0,00;0,06;0,00;0,11;54,88;7,72;45,29;0,72;45,29;0,72;0,17
300339-1_49;300339-1;49;0,01;0,00;0,04;0,01;0,09;42,45;9,93;45,64;0,95;45,64;0,95;-0,08
300339-1_50;300339-1;50;0,01;0,00;0,05;0,00;0,32;52,70;2,81;45,93;0,79;45,93;0,79;0,13
300339-1_51;300339-1;51;0,01;0,00;0,05;0,00;0,15;49,29;7,75;47,68;1,11;47,68;1,11;0,03
300339-1_52;300339-1;52;0,01;0,00;0,04;0,00;0,21;38,72;4,51;43,73;1,09;43,73;1,09;-0,13
300339-1_53;300339-1;53;0,01;0,00;0,05;0,00;0,15;53,67;7,35;44,48;0,95;44,48;0,95;0,17
300339-1_54;300339-1;54;0,01;0,00;0,05;0,00;0,33;48,75;3,63;55,83;1,41;55,83;1,41;-0,15
300339-1_55;300339-1;55;0,01;0,00;0,03;0,01;0,11;32,28;14,08;48,19;2,27;48,19;2,27;-0,49
300339-1_56;300339-1;56;0,01;0,00;0,05;0,00;0,70;49,72;1,40;47,57;0,96;47,57;0,96;0,04
300339-1_57;300339-1;57;0,01;0,00;0,05;0,01;0,10;45,35;17,24;41,04;1,50;41,04;1,50;0,10
300339-1_58;300339-1;58;0,01;0,00;0,05;0,00;0,37;47,81;4,84;49,77;1,90;49,77;1,90;-0,04
300339-1_59;300339-1;59;0,01;0,00;0,06;0,00;0,56;57,13;2,96;58,22;1,74;58,22;1,74;-0,02
300339-1_60;300339-1;60;0,01;0,00;0,07;0,00;0,54;65,31;3,07;57,53;1,51;57,53;1,51;0,12
300339-1_61;300339-1;61;0,01;0,00;0,05;0,00;0,27;52,31;5,85;50,19;1,52;50,19;1,52;0,04
300339-1_62;300339-1;62;0,01;0,00;0,05;0,00;0,71;48,76;2,17;46,65;1,51;46,65;1,51;0,04
300339-1_63;300339-1;63;0,01;0,00;0,05;0,00;0,67;47,52;1,81;45,69;1,20;45,69;1,20;0,04
300339-1_64;300339-1;64;0,01;0,00;0,05;0,00;0,90;48,01;2,11;44,93;1,82;44,93;1,82;0,06
300339-1_65;300339-1;65;0,01;0,00;0,06;0,00;0,37;62,48;5,93;57,67;2,07;57,67;2,07;0,08
300339-1_66;300339-1;66;0,01;0,00;0,07;0,00;0,30;64,73;6,80;56,83;1,84;56,83;1,84;0,12
300339-1_67;300339-1;67;0,01;0,00;0,06;0,00;0,46;58,82;4,08;56,49;1,87;56,49;1,87;0,04
300339-1_68;300339-1;68;0,01;0,00;0,05;0,00;0,56;48,27;4,37;46,52;2,42;46,52;2,42;0,04
300339-1_69;300339-1;69;0,01;0,00;0,06;0,00;0,56;59,29;3,45;55,59;1,86;55,59;1,86;0,06
300339-1_70;300339-1;70;0,01;0,00;0,05;0,00;0,52;50,44;4,43;45,15;2,11;45,15;2,11;0,10
300340_01;300340;01;0,01;0,00;0,08;0,00;0,29;80,04;6,24;54,74;1,27;54,74;1,27;0,32
300340_01b;300340;01b;0,01;0,00;0,07;0,00;0,52;65,21;2,19;59,06;1,06;59,06;1,06;0,09
300340_02;300340;02;0,01;0,00;0,16;0,02;0,38;151,80;34,12;72,96;6,75;72,96;6,75;0,52
300340_02b;300340;02b;0,01;0,00;0,08;0,02;0,52;75,20;28,29;34,69;7,02;34,69;7,02;0,54
300340_03;300340;03;0,01;0,00;0,04;0,00;0,22;38,85;4,04;38,19;0,90;38,19;0,90;0,02
300340_03b;300340;03b;0,01;0,00;0,15;0,02;0,21;144,50;33,74;54,50;2,90;54,50;2,90;0,62
300340_04;300340;04;0,01;0,00;0,05;0,00;0,98;46,08;2,76;44,97;2,69;44,97;2,69;0,02
300340_04b;300340;04b;0,01;0,00;0,21;0,01;0,16;193,31;24,56;71,69;1,56;71,69;1,56;0,63
300340_05;300340;05;0,01;0,00;0,16;0,02;0,32;147,17;42,08;43,41;4,24;43,41;4,24;0,71
300340_05b;300340;05b;0,01;0,00;0,06;0,00;0,77;60,51;4,86;50,87;3,21;50,87;3,21;0,16
300340_06;300340;06;0,01;0,00;0,17;0,02;0,35;156,01;32,86;48,16;3,81;48,16;3,81;0,69
300340_06b;300340;06b;0,01;0,00;0,08;0,02;0,14;82,51;31,11;51,86;2,90;51,86;2,90;0,37
300340_07;300340;07;0,01;0,00;0,04;0,00;0,77;37,92;1,11;36,73;0,84;36,73;0,84;0,03
300340_07b;300340;07b;0,01;0,00;0,09;0,01;0,14;84,16;12,26;59,62;1,22;59,62;1,22;0,29
300340_08;300340;08;0,01;0,00;0,10;0,01;0,27;92,97;23,36;48,64;3,39;48,64;3,39;0,48
300340_08b;300340;08b;0,01;0,00;0,05;0,00;0,63;50,63;1,70;46,30;1,00;46,30;1,00;0,09
300340_09;300340;09;0,01;0,00;0,05;0,00;0,61;49,46;3,49;44,87;1,99;44,87;1,99;0,09
300340_09b;300340;09b;0,01;0,00;0,05;0,05;0,05;48,57;94,57;60,48;4,72;60,48;4,72;-0,25
300340_10;300340;10;0,01;0,00;0,06;0,00;0,77;58,13;2,51;53,93;1,85;53,93;1,85;0,07
300340_10b;300340;10b;0,01;0,00;0,06;0,00;0,21;61,52;7,04;58,76;1,47;58,76;1,47;0,04
300340_11;300340;11;0,03;0,01;0,99;0,42;0,84;700,32;390,93;173,86;121,13;173,86;121,13;0,75
300340_11b;300340;11b;0,01;0,00;0,05;0,00;0,59;49,30;1,89;46,20;1,06;46,20;1,06;0,06
300340_12;300340;12;0,01;0,00;0,05;0,00;0,50;50,17;3,56;42,95;1,57;42,95;1,57;0,14
300340_12b;300340;12b;0,01;0,00;0,09;0,01;0,22;89,50;17,02;49,54;2,14;49,54;2,14;0,45
300340_13;300340;13;0,01;0,00;0,05;0,00;0,49;49,97;5,13;43,71;2,27;43,71;2,27;0,13
300340_13b;300340;13b;0,01;0,00;0,08;0,00;0,14;82,40;7,16;59,24;0,73;59,24;0,73;0,28
300340_14;300340;14;0,01;0,00;0,06;0,00;0,29;63,16;6,48;51,24;1,57;51,24;1,57;0,19
300340_14b;300340;14b;0,01;0,00;0,06;0,00;0,17;59,74;6,48;46,42;0,87;46,42;0,87;0,22
300340_15;300340;15;0,01;0,00;0,04;0,00;0,86;44,67;1,29;42,79;1,08;42,79;1,08;0,04
300340_15b;300340;15b;0,01;0,00;0,07;0,00;0,24;67,20;5,13;46,84;0,87;46,84;0,87;0,30
300340_16;300340;16;0,01;0,00;0,07;0,00;0,55;69,14;9,29;40,75;3,11;40,75;3,11;0,41
300340_16b;300340;16b;0,01;0,00;0,06;0,00;0,18;57,02;6,50;43,15;0,92;43,15;0,92;0,24
300340_17;300340;17;0,01;0,00;0,06;0,00;0,96;56,21;2,48;55,46;2,41;55,46;2,41;0,01
300340_17b;300340;17b;0,01;0,00;0,08;0,01;0,21;73,83;15,36;49,91;2,30;49,91;2,30;0,32
300340_18;300340;18;0,01;0,00;0,05;0,00;0,87;52,75;3,81;46,20;2,97;46,20;2,97;0,12
300340_18b;300340;18b;0,01;0,00;0,08;0,00;0,60;80,71;6,16;61,61;2,90;61,61;2,90;0,24
300340_19;300340;19;0,01;0,00;0,04;0,00;0,79;43,51;4,56;42,15;3,53;42,15;3,53;0,03
300340_19b;300340;19b;0,01;0,00;0,44;0,04;0,57;373,45;56,07;89,20;9,09;89,20;9,09;0,76
300340_19Bb;300340;19Bb;0,01;0,00;0,14;0,01;0,45;133,85;13,90;67,10;3,36;67,10;3,36;0,50
300340_20;300340;20;0,01;0,00;0,05;0,00;0,91;51,44;4,19;48,27;3,67;48,27;3,67;0,06
300340_20b;300340;20b;0,00;0,00;0,08;0,35;1,00;77,50;564,86;4,06;35,22;4,06;35,22;0,95
300340_21;300340;21;0,01;0,00;0,05;0,00;0,48;46,99;3,37;44,34;1,57;44,34;1,57;0,06
300340_21b;300340;21b;0,01;0,00;0,05;0,00;0,62;51,44;1,88;45,93;1,07;45,93;1,07;0,11
300340_22;300340;22;0,01;0,00;0,06;0,00;0,42;59,81;4,82;39,28;1,37;39,28;1,37;0,34
300340_22b;300340;22b;0,01;0,00;0,06;0,00;0,50;59,73;2,46;57,07;1,22;57,07;1,22;0,04
300340_23;300340;23;0,01;0,00;0,05;0,00;0,50;45,59;2,23;42,48;1,05;42,48;1,05;0,07
300340_23b;300340;23b;0,01;0,00;0,06;0,00;0,17;57,41;5,28;48,50;0,75;48,50;0,75;0,16
300340_24;300340;24;0,01;0,00;0,05;0,00;0,85;47,37;3,37;43,30;2,69;43,30;2,69;0,09
300340_24b;300340;24b;0,01;0,00;0,05;0,00;0,48;53,47;5,05;43,27;1,99;43,27;1,99;0,19
300340_25;300340;25;0,01;0,00;0,06;0,00;0,36;61,51;5,03;51,59;1,57;51,59;1,57;0,16
300340_25b;300340;25b;0,01;0,00;0,07;0,00;0,36;71,21;9,39;43,52;2,14;43,52;2,14;0,39
300340_26;300340;26;0,01;0,00;0,05;0,00;0,71;49,79;2,56;45,74;1,71;45,74;1,71;0,08
300340_26b;300340;26b;0,01;0,00;0,06;0,00;0,32;54,69;3,77;46,34;1,06;46,34;1,06;0,15
300340_27;300340;27;0,01;0,00;0,04;0,00;0,87;43,42;1,95;42,95;1,71;42,95;1,71;0,01
300340_27b;300340;27b;0,01;0,00;0,09;0,01;0,25;91,02;20,54;60,35;3,51;60,35;3,51;0,34
300340_28;300340;28;0,01;0,00;0,09;0,00;0,29;90,91;7,75;56,00;1,44;56,00;1,44;0,38
300340_28b;300340;28b;0,01;0,00;0,09;0,01;0,24;85,34;15,07;49,25;2,14;49,25;2,14;0,42
300340_29;300340;29;0,01;0,00;0,04;0,00;0,46;41,34;2,13;40,68;0,98;40,68;0,98;0,02
300340_30;300340;30;0,01;0,00;0,09;0,01;0,51;88,73;15,26;49,67;4,52;49,67;4,52;0,44
300340_31;300340;31;0,01;0,00;0,05;0,00;0,29;50,40;5,91;52,66;1,85;52,66;1,85;-0,04
300340_32;300340;32;0,01;0,00;0,05;0,00;0,93;46,35;2,97;44,12;2,69;44,12;2,69;0,05
300340_33;300340;33;0,01;0,00;0,08;0,01;0,36;75,51;19,19;44,51;4,24;44,51;4,24;0,41
300340_34;300340;34;0,01;0,00;0,06;0,00;0,83;60,28;3,83;57,18;3,11;57,18;3,11;0,05
300340_35;300340;35;0,01;0,00;0,04;0,00;0,38;40,21;2,47;36,91;0,88;36,91;0,88;0,08
300340_36;300340;36;0,01;0,00;0,06;0,00;0,78;57,53;3,59;53,98;2,69;53,98;2,69;0,06
300340_37;300340;37;0,01;0,00;0,04;0,00;0,67;43,84;2,32;43,23;1,57;43,23;1,57;0,01
300340_38;300340;38;0,01;0,00;0,05;0,00;0,54;45,95;3,48;40,69;1,71;40,69;1,71;0,11
300340_39;300340;39;0,01;0,00;0,09;0,01;0,70;83,42;15,52;62,19;8,45;62,19;8,45;0,25
300340_40;300340;40;0,01;0,00;0,07;0,00;0,29;65,64;7,85;39,43;1,38;39,43;1,38;0,40
300340_41;300340;41;0,01;0,00;0,10;0,01;0,41;101,00;14,59;59,76;3,67;59,76;3,67;0,41
300340_42;300340;42;0,01;0,00;0,06;0,00;0,57;57,98;6,33;48,91;3,11;48,91;3,11;0,16
300340_43;300340;43;0,01;0,00;0,04;0,00;0,18;43,77;5,59;41,17;0,97;41,17;0,97;0,06
300340_44;300340;44;0,01;0,00;0,06;0,00;0,24;55,17;8,20;46,05;1,71;46,05;1,71;0,17
300340_45;300340;45;0,01;0,00;0,06;0,00;0,89;60,99;2,94;58,08;2,55;58,08;2,55;0,05
300340_46;300340;46;0,01;0,00;0,10;0,01;0,23;93,63;13,20;58,37;1,99;58,37;1,99;0,38
300340_47;300340;47;0,01;0,00;0,07;0,00;0,28;66,25;7,14;45,48;1,43;45,48;1,43;0,31
300340_48;300340;48;0,01;0,00;0,07;0,00;0,53;65,67;3,99;55,97;1,85;55,97;1,85;0,15
300340_49;300340;49;0,01;0,00;0,05;0,00;0,40;47,71;3,45;41,27;1,20;41,27;1,20;0,14
300340_50;300340;50;0,01;0,00;0,04;0,00;0,34;43,02;5,61;41,12;1,85;41,12;1,85;0,04
300340_51;300340;51;0,01;0,00;0,06;0,00;0,41;58,75;4,80;54,04;1,85;54,04;1,85;0,08
300340_52;300340;52;0,01;0,00;0,15;0,01;0,41;144,45;15,28;51,73;2,41;51,73;2,41;0,64
300340_53;300340;53;0,01;0,00;0,21;0,04;0,28;189,73;60,82;51,12;5,08;51,12;5,08;0,73
300340_54;300340;54;0,01;0,00;0,06;0,00;0,32;61,56;6,65;48,02;1,71;48,02;1,71;0,22
300340_55;300340;55;0,01;0,00;0,06;0,00;0,45;57,22;6,01;44,17;2,13;44,17;2,13;0,23
300340_56;300340;56;0,01;0,00;0,06;0,00;0,55;60,07;2,84;53,70;1,43;53,70;1,43;0,11
300340_57;300340;57;0,01;0,00;0,06;0,00;0,54;62,78;4,50;53,54;2,13;53,54;2,13;0,15
300340_58;300340;58;0,01;0,00;0,09;0,00;0,31;91,37;8,22;55,04;1,57;55,04;1,57;0,40
300340_59;300340;59;0,01;0,00;0,04;0,00;0,42;42,27;3,14;42,64;1,36;42,64;1,36;-0,01
300340_60;300340;60;0,01;0,00;0,05;0,00;0,84;48,74;2,54;44,36;1,99;44,36;1,99;0,09
300340_61;300340;61;0,01;0,00;0,06;0,00;0,46;57,15;4,54;52,89;1,99;52,89;1,99;0,07
300340_62;300340;62;0,01;0,00;0,05;0,00;0,52;52,16;4,18;46,78;1,99;46,78;1,99;0,10
300340_63;300340;63;0,01;0,00;0,06;0,00;0,52;59,11;4,11;53,21;1,99;53,21;1,99;0,10
300340_64;300340;64;0,01;0,00;0,06;0,00;0,92;55,52;2,19;53,49;1,99;53,49;1,99;0,04
300340_65;300340;65;0,01;0,00;0,05;0,00;0,81;45,42;1,78;44,35;1,43;44,35;1,43;0,02
300340_66;300340;66;0,01;0,00;0,06;0,01;0,31;59,85;10,58;45,28;2,55;45,28;2,55;0,24
300340_67;300340;67;0,01;0,00;0,09;0,01;0,16;88,24;11,93;55,79;1,23;55,79;1,23;0,37
300340_68;300340;68;0,01;0,00;0,05;0,00;0,69;51,34;3,47;44,70;2,13;44,70;2,13;0,13
300340_69;300340;69;0,01;0,00;0,05;0,00;0,33;47,48;5,70;38,97;1,57;38,97;1,57;0,18
300340_70;300340;70;0,01;0,00;0,05;0,00;0,55;54,08;4,31;44,15;1,99;44,15;1,99;0,18
300340_71;300340;71;0,01;0,00;0,06;0,00;0,78;56,44;2,60;53,91;1,99;53,91;1,99;0,04
300340_72;300340;72;0,01;0,00;0,08;0,01;0,94;75,01;20,88;62,21;16,88;62,21;16,88;0,17
300340_73;300340;73;0,01;0,00;0,05;0,00;0,37;51,21;4,45;40,59;1,31;40,59;1,31;0,21
300340_74;300340;74;0,01;0,00;0,05;0,00;0,81;45,75;2,00;43,61;1,57;43,61;1,57;0,05
300340_75;300340;75;0,01;0,00;0,05;0,00;0,68;48,70;2,71;44,37;1,71;44,37;1,71;0,09
300340_76;300340;76;0,01;0,00;0,08;0,01;0,22;80,29;17,85;47,62;2,41;47,62;2,41;0,41
300340_77;300340;77;0,01;0,00;0,22;0,03;0,43;200,11;56,80;53,68;7,19;53,68;7,19;0,73
300340_78;300340;78;0,01;0,00;0,06;0,00;0,42;55,01;6,31;43,41;2,13;43,41;2,13;0,21
300340_79;300340;79;0,01;0,00;0,06;0,00;0,35;63,44;8,45;45,03;2,13;45,03;2,13;0,29
300349_01;300349;01;0,01;0,00;0,05;0,00;0,61;48,67;2,61;43,57;1,45;43,57;1,45;0,10
300349_02;300349;02;0,01;0,00;0,05;0,00;0,74;48,67;2,23;42,26;1,47;42,26;1,47;0,13
300349_03;300349;03;0,01;0,00;0,05;0,00;0,56;51,54;2,17;48,95;1,18;48,95;1,18;0,05
300349_04;300349;04;0,01;0,00;0,05;0,00;0,91;46,92;3,58;45,24;3,22;45,24;3,22;0,04
300349_04Rim;300349;04Rim;0,01;0,00;0,04;0,00;0,24;41,59;4,03;34,71;0,81;34,71;0,81;0,17
300349_06;300349;06;0,01;0,00;0,05;0,00;0,56;51,47;2,64;46,64;1,37;46,64;1,37;0,09
300349_07;300349;07;0,01;0,00;0,06;0,00;0,14;59,98;8,72;36,50;0,74;36,50;0,74;0,39
300349_08;300349;08;0,01;0,00;0,05;0,00;0,47;48,50;2,41;41,77;0,99;41,77;0,99;0,14
300349_09;300349;09;0,01;0,00;0,05;0,00;0,64;45,90;3,53;40,88;2,05;40,88;2,05;0,11
300349_10;300349;10;0,01;0,00;0,04;0,00;0,79;39,33;1,53;38,03;1,19;38,03;1,19;0,03
300349_11;300349;11;0,01;0,00;0,04;0,00;0,27;43,04;2,90;38,85;0,73;38,85;0,73;0,10
300349_12;300349;12;0,01;0,00;0,06;0,01;0,17;54,37;13,98;36,83;1,61;36,83;1,61;0,32
300349_13;300349;13;0,01;0,00;0,05;0,00;0,76;48,81;2,40;42,28;1,61;42,28;1,61;0,13
300349_14;300349;14;0,01;0,00;0,05;0,00;0,48;45,63;2,61;40,71;1,13;40,71;1,13;0,11
300349_15;300349;15;0,01;0,00;0,06;0,00;0,54;60,33;5,10;50,12;2,34;50,12;2,34;0,17
300349_16;300349;16;0,01;0,00;0,06;0,00;0,87;57,69;2,35;52,47;1,90;52,47;1,90;0,09
300349_17;300349;17;0,01;0,00;0,06;0,00;0,25;60,86;7,83;44,28;1,47;44,28;1,47;0,27
300349_18;300349;18;0,01;0,00;0,06;0,00;0,65;56,68;3,41;50,97;2,05;50,97;2,05;0,10
300349_19;300349;19;0,01;0,00;0,06;0,01;0,14;56,43;11,89;37,01;1,13;37,01;1,13;0,34
300349_20;300349;20;0,01;0,00;0,05;0,00;0,81;53,30;2,06;50,46;1,61;50,46;1,61;0,05
300349_21;300349;21;0,01;0,00;0,05;0,00;0,76;48,79;2,36;47,08;1,76;47,08;1,76;0,04
300349_22;300349;22;0,01;0,00;0,06;0,00;0,81;62,34;3,17;51,68;2,20;51,68;2,20;0,17
300349_23;300349;23;0,01;0,00;0,05;0,00;0,61;54,25;3,67;52,28;2,20;52,28;2,20;0,04
300349_24;300349;24;0,01;0,00;0,07;0,01;0,57;64,74;10,18;51,94;4,82;51,94;4,82;0,20
300349_25;300349;25;0,01;0,00;0,05;0,00;0,43;46,12;3,22;37,96;1,16;37,96;1,16;0,18
300349_26;300349;26;0,01;0,00;0,04;0,00;0,20;43,26;7,18;36,17;1,21;36,17;1,21;0,16
300349_27;300349;27;0,01;0,00;0,06;0,00;0,64;55,69;3,39;51,46;2,05;51,46;2,05;0,08
300349_28;300349;28;0,01;0,00;0,09;0,02;0,53;88,43;34,36;54,42;11,66;54,42;11,66;0,38
300349_29;300349;29;0,01;0,00;0,04;0,00;0,88;43,53;1,90;41,05;1,61;41,05;1,61;0,06
300349_30;300349;30;0,01;0,00;0,06;0,00;0,49;55,59;2,64;49,29;1,18;49,29;1,18;0,11
300349_31;300349;31;0,01;0,00;0,05;0,00;0,37;46,81;4,41;38,19;1,37;38,19;1,37;0,18
300349_32;300349;32;0,01;0,00;0,06;0,00;0,70;62,74;4,13;58,88;2,78;58,88;2,78;0,06
300349_33;300349;33;0,01;0,00;0,09;0,02;0,15;90,04;34,72;50,47;2,92;50,47;2,92;0,44
300349_34;300349;34;0,01;0,00;0,07;0,00;0,38;67,56;8,35;48,17;2,34;48,17;2,34;0,29
300349_35;300349;35;0,01;0,00;0,05;0,00;0,91;50,49;1,26;49,36;1,14;49,36;1,14;0,02
300349_36;300349;36;0,01;0,00;0,05;0,00;0,57;51,47;3,12;45,92;1,61;45,92;1,61;0,11
300349_37;300349;37;0,01;0,00;0,04;0,00;0,75;42,98;1,69;41,26;1,24;41,26;1,24;0,04
300349_38;300349;38;0,01;0,00;0,08;0,00;0,28;78,24;8,38;52,41;1,61;52,41;1,61;0,33
300349_39;300349;39;0,01;0,00;0,09;0,01;0,31;85,31;21,91;61,51;5,10;61,51;5,10;0,28
300349_40;300349;40;0,01;0,00;0,17;0,04;0,32;156,78;65,92;62,86;9,03;62,86;9,03;0,60
300349_41;300349;41;0,01;0,00;0,04;0,00;0,81;38,32;1,46;37,89;1,19;37,89;1,19;0,01
300349_42;300349;42;0,01;0,00;0,06;0,00;0,31;57,54;7,86;39,92;1,76;39,92;1,76;0,31
300349_43;300349;43;0,01;0,00;0,06;0,00;0,14;55,36;7,59;36,24;0,68;36,24;0,68;0,35
300349_44;300349;44;0,01;0,00;0,05;0,00;0,95;47,58;2,05;45,73;1,90;45,73;1,90;0,04
300349_45;300349;45;0,01;0,00;0,41;0,07;0,51;347,27;97,44;70,34;12,07;70,34;12,07;0,80
300349_46;300349;46;0,01;0,00;0,07;0,00;0,31;70,75;4,29;51,14;0,98;51,14;0,98;0,28
300349_47;300349;47;0,01;0,00;0,05;0,00;0,37;46,24;4,08;37,16;1,22;37,16;1,22;0,20
300349_48;300349;48;0,01;0,00;0,06;0,01;0,16;61,05;11,11;37,61;1,10;37,61;1,10;0,38
300349_49;300349;49;0,01;0,00;0,05;0,00;0,67;50,63;2,43;44,51;1,47;44,51;1,47;0,12
300349_50;300349;50;0,01;0,00;0,14;0,03;0,28;136,44;46,81;53,87;5,54;53,87;5,54;0,61
300349_51;300349;51;0,01;0,00;0,05;0,00;0,66;46,03;2,93;44,46;1,90;44,46;1,90;0,03
300349_52;300349;52;0,01;0,00;0,05;0,00;0,31;45,99;3,72;38,44;0,99;38,44;0,99;0,16
300349_53;300349;53;0,01;0,00;0,05;0,00;0,35;50,00;4,27;37,44;1,15;37,44;1,15;0,25
300349_54;300349;54;0,01;0,00;0,06;0,00;0,62;55,12;2,49;51,38;1,47;51,38;1,47;0,07
300349_55;300349;55;0,01;0,00;0,06;0,00;0,36;56,13;5,65;38,53;1,44;38,53;1,44;0,31
300349_56;300349;56;0,01;0,00;0,05;0,00;0,89;52,89;1,69;50,64;1,47;50,64;1,47;0,04
300349_57;300349;57;0,01;0,00;0,06;0,00;0,68;54,80;1,90;50,91;1,22;50,91;1,22;0,07
300349_58;300349;58;0,01;0,00;0,05;0,00;0,13;52,77;8,35;36,29;0,77;36,29;0,77;0,31
300349_59;300349;59;0,01;0,00;0,15;0,02;0,54;144,04;33,37;68,34;9,17;68,34;9,17;0,53
300349_60;300349;60;0,01;0,00;0,05;0,00;0,50;51,61;3,39;41,32;1,38;41,32;1,38;0,20
300349_61;300349;61;0,01;0,00;0,04;0,00;0,30;39,61;4,51;38,06;1,31;38,06;1,31;0,04
300349_62;300349;62;0,01;0,00;0,07;0,00;0,62;64,74;5,02;55,83;2,78;55,83;2,78;0,14
300349_63;300349;63;0,01;0,00;0,04;0,00;0,20;39,49;6,44;38,38;1,26;38,38;1,26;0,03
300349_64;300349;64;0,01;0,00;0,04;0,00;0,90;42,47;1,20;41,63;1,08;41,63;1,08;0,02
300349_65;300349;65;0,01;0,00;0,05;0,00;0,86;51,82;2,44;49,18;2,05;49,18;2,05;0,05
300349_66;300349;66;0,01;0,00;0,08;0,01;0,26;79,01;10,47;39,31;1,42;39,31;1,42;0,50
300349_67;300349;67;0,01;0,00;0,05;0,00;0,27;51,46;5,08;38,41;1,06;38,41;1,06;0,25
300349_68;300349;68;0,01;0,00;0,04;0,00;0,51;38,54;1,61;37,37;0,80;37,37;0,80;0,03
300349_69;300349;69;0,01;0,00;0,05;0,00;0,20;50,99;4,69;42,99;0,82;42,99;0,82;0,16
300349_70;300349;70;0,01;0,00;0,05;0,00;0,52;46,03;2,77;41,99;1,34;41,99;1,34;0,09
300349_71;300349;71;0,01;0,00;0,07;0,00;0,23;70,07;8,75;38,82;1,15;38,82;1,15;0,45
300349_72;300349;72;0,01;0,00;0,05;0,00;0,50;45,40;1,74;42,00;0,83;42,00;0,83;0,07
300349_73;300349;73;0,01;0,00;0,06;0,00;0,72;57,86;3,73;52,39;2,49;52,39;2,49;0,09
300349_74;300349;74;0,01;0,00;0,05;0,00;0,84;51,66;1,74;49,67;1,44;49,67;1,44;0,04
300349_75;300349;75;0,01;0,00;0,05;0,00;0,22;52,60;3,60;46,08;0,72;46,08;0,72;0,12
300349_76;300349;76;0,01;0,00;0,06;0,00;0,77;55,18;1,90;51,73;1,41;51,73;1,41;0,06
300349_77;300349;77;0,01;0,00;0,06;0,00;0,50;57,80;5,52;45,13;2,20;45,13;2,20;0,22
300349_78;300349;78;0,01;0,00;0,05;0,00;0,18;50,54;6,58;38,55;0,92;38,55;0,92;0,24
300349_79;300349;79;0,01;0,00;0,10;0,06;0,19;97,15;111,86;51,57;11,23;51,57;11,23;0,47
300349_80;300349;80;0,01;0,00;0,06;0,00;0,48;61,75;5,17;52,88;2,20;52,88;2,20;0,14
300349_81;300349;81;0,01;0,00;0,06;0,00;0,52;57,06;2,32;54,11;1,18;54,11;1,18;0,05
300349_82;300349;82;0,01;0,00;0,06;0,00;0,63;56,06;2,29;51,72;1,35;51,72;1,35;0,08
300349_83;300349;83;0,01;0,00;0,60;0,08;0,68;476,10;101,70;78,28;14,52;78,28;14,52;0,84
300349_83Rim;300349;83Rim;0,01;0,00;0,06;0,01;0,11;59,51;11,14;40,75;0,82;40,75;0,82;0,32
300349_84;300349;84;0,01;0,00;0,05;0,00;0,56;47,37;2,26;45,11;1,24;45,11;1,24;0,05
300349_85;300349;85;0,01;0,00;0,05;0,00;0,13;51,70;9,52;38,75;0,93;38,75;0,93;0,25
300349_86;300349;86;0,01;0,00;0,08;0,01;0,20;73,59;10,82;38,79;1,18;38,79;1,18;0,47
300349_87;300349;87;0,01;0,00;0,05;0,00;0,69;51,73;3,71;40,76;2,05;40,76;2,05;0,21
300349_88;300349;88;0,01;0,00;0,17;0,04;0,45;156,80;70,06;55,43;12,10;55,43;12,10;0,65
300349_89;300349;89;0,01;0,00;0,08;0,01;0,07;73,51;11,50;38,50;0,43;38,50;0,43;0,48
300351_01;300351;01;0,01;0,00;0,05;0,00;0,25;52,80;1,91;47,25;0,44;47,25;0,44;0,11
300351_02;300351;02;0,01;0,00;0,05;0,00;0,23;54,34;2,09;47,64;0,44;47,64;0,44;0,12
300351_03;300351;03;0,01;0,00;0,06;0,00;0,18;58,80;3,88;47,37;0,59;47,37;0,59;0,19
300351_04;300351;04;0,01;0,00;0,08;0,01;0,13;77,83;14,38;49,92;1,24;49,92;1,24;0,36
300351_05;300351;05;0,01;0,00;0,17;0,02;0,17;155,25;40,58;55,05;2,70;55,05;2,70;0,65
300351_06;300351;06;0,01;0,00;0,08;0,01;0,11;73,59;13,07;47,75;0,97;47,75;0,97;0,35
300351_07;300351;07;0,01;0,00;0,06;0,00;0,37;55,97;1,49;47,00;0,47;47,00;0,47;0,16
300351_08;300351;08;0,01;0,00;0,05;0,00;0,65;50,03;0,90;46,58;0,55;46,58;0,55;0,07
300351_09;300351;09;0,01;0,00;0,06;0,01;0,92;63,23;15,50;49,59;11,48;49,59;11,48;0,22
300351_10;300351;10;0,01;0,00;0,05;0,00;0,27;51,25;1,87;45,94;0,47;45,94;0,47;0,10
300351_11;300351;11;0,01;0,00;0,05;0,00;0,21;50,15;1,57;46,78;0,31;46,78;0,31;0,07
300351_12;300351;12;0,01;0,00;0,06;0,00;0,15;63,91;3,89;47,94;0,45;47,94;0,45;0,25
300351_13;300351;13;0,01;0,00;0,07;0,01;0,07;69,34;11,66;46,81;0,59;46,81;0,59;0,32
300351_14;300351;14;0,01;0,00;0,06;0,00;0,25;62,97;2,15;47,00;0,40;47,00;0,40;0,25
300351_15;300351;15;0,01;0,00;0,05;0,00;0,40;49,74;1,56;46,49;0,60;46,49;0,60;0,07
300351_16;300351;16;0,01;0,00;0,05;0,00;0,18;50,01;1,47;46,24;0,25;46,24;0,25;0,08
300351_17;300351;17;0,05;0,00;0,34;0,00;0,76;298,07;5,03;284,28;4,13;284,28;4,13;0,05
300351_17B;300351;17B;0,05;0,00;0,35;0,00;0,45;307,27;6,54;286,39;3,15;286,39;3,15;0,07
300351_18;300351;18;0,01;0,00;0,06;0,00;0,14;57,36;6,08;45,99;0,67;45,99;0,67;0,20
300351_19;300351;19;0,01;0,00;0,05;0,00;0,20;49,72;2,79;44,81;0,50;44,81;0,50;0,10
300351_20;300351;20;0,01;0,00;0,05;0,00;0,37;52,48;1,12;50,47;0,41;50,47;0,41;0,04
300351_21;300351;21;0,01;0,00;0,05;0,00;0,42;48,78;0,91;46,42;0,37;46,42;0,37;0,05
300351_22;300351;22;0,01;0,00;0,06;0,00;0,13;61,75;5,30;49,84;0,59;49,84;0,59;0,19
300351_23;300351;23;0,01;0,00;0,06;0,00;0,09;60,82;9,05;46,12;0,62;46,12;0,62;0,24
300351_24;300351;24;0,01;0,00;0,05;0,00;0,19;53,70;3,58;46,28;0,59;46,28;0,59;0,14
300351_25;300351;25;0,01;0,00;0,16;0,01;0,25;148,86;25,00;48,04;2,16;48,04;2,16;0,68
300351_26;300351;26;0,01;0,00;0,05;0,00;0,34;48,34;1,52;45,81;0,50;45,81;0,50;0,05
300351_27;300351;27;0,01;0,00;0,05;0,00;0,17;50,58;2,33;45,48;0,37;45,48;0,37;0,10
300351_28;300351;28;0,01;0,00;0,06;0,00;0,17;59,39;3,50;48,91;0,49;48,91;0,49;0,18
300351_29;300351;29;0,01;0,00;0,05;0,00;0,23;49,66;1,66;46,42;0,36;46,42;0,36;0,07
300351_30;300351;30;0,01;0,00;0,09;0,00;0,18;90,26;9,15;55,98;1,05;55,98;1,05;0,38
300351_31;300351;31;0,01;0,00;0,05;0,00;0,18;52,09;2,27;47,35;0,37;47,35;0,37;0,09
300351_32;300351;32;0,01;0,00;0,05;0,00;0,19;49,53;2,14;45,69;0,39;45,69;0,39;0,08
300351_33;300351;33;0,01;0,00;0,09;0,00;0,23;83,04;5,98;49,32;0,85;49,32;0,85;0,41
300351_34;300351;34;0,01;0,00;0,06;0,00;0,21;55,64;2,00;47,44;0,37;47,44;0,37;0,15
300351_35;300351;35;0,01;0,00;0,05;0,00;0,28;50,86;1,89;46,78;0,50;46,78;0,50;0,08
300351_36;300351;36;0,01;0,00;0,05;0,00;0,60;49,80;0,71;48,24;0,42;48,24;0,42;0,03
300351_37;300351;37;0,01;0,00;0,05;0,00;0,16;53,54;4,11;47,10;0,59;47,10;0,59;0,12
300351_38;300351;38;0,01;0,00;0,06;0,00;0,14;58,87;4,34;47,40;0,50;47,40;0,50;0,19
300351_39;300351;39;0,01;0,00;0,05;0,00;0,23;48,96;1,64;45,81;0,36;45,81;0,36;0,06
300351_40;300351;40;0,01;0,00;0,07;0,01;0,11;72,33;19,49;43,05;1,34;43,05;1,34;0,40
300351_41;300351;41;0,01;0,00;0,05;0,00;0,62;48,79;0,77;47,40;0,47;47,40;0,47;0,03
300351_42;300351;42;0,01;0,00;0,05;0,00;0,21;48,09;2,20;45,27;0,45;45,27;0,45;0,06
300351_43;300351;43;0,01;0,00;0,05;0,00;0,25;49,79;1,79;47,06;0,44;47,06;0,44;0,05
300351_44;300351;44;0,01;0,00;0,05;0,00;0,46;46,64;0,95;45,13;0,43;45,13;0,43;0,03
300351_45;300351;45;0,01;0,00;0,05;0,00;0,35;48,09;1,41;45,78;0,48;45,78;0,48;0,05
300351_46;300351;46;0,01;0,00;0,05;0,00;0,50;48,07;0,83;45,54;0,40;45,54;0,40;0,05
300351_47;300351;47;0,01;0,00;0,08;0,01;0,17;76,33;10,22;47,45;1,11;47,45;1,11;0,38
300351_48;300351;48;0,01;0,00;0,05;0,00;0,33;48,04;1,26;46,22;0,40;46,22;0,40;0,04
300351_49;300351;49;0,01;0,00;0,05;0,00;0,23;52,46;2,68;46,81;0,55;46,81;0,55;0,11
300351B_01;300351;01B;0,06;0,00;0,42;0,02;1,00;359,35;27,40;367,02;32,43;367,02;32,43;-0,02
300351B_01B;300351;01BB;0,05;0,00;0,39;0,01;0,95;334,24;7,74;323,88;8,18;323,88;8,18;0,03
300351B_02;300351;02B;0,01;0,00;0,05;0,00;0,55;52,79;2,11;48,85;1,09;48,85;1,09;0,07
300351B_03;300351;03B;0,01;0,00;0,05;0,00;0,64;51,58;1,58;49,46;0,99;49,46;0,99;0,04
300351B_04;300351;04B;0,01;0,00;0,05;0,00;0,47;50,58;1,95;48,15;0,90;48,15;0,90;0,05
300351B_05;300351;05B;0,01;0,00;0,05;0,00;0,64;49,88;1,73;47,91;1,09;47,91;1,09;0,04
300351B_06;300351;06B;0,01;0,00;0,06;0,00;0,27;61,13;5,76;50,23;1,29;50,23;1,29;0,18
300351B_07;300351;07B;0,01;0,00;0,05;0,00;0,75;50,62;1,74;48,91;1,29;48,91;1,29;0,03
300351B_08;300351;08B;0,01;0,00;0,05;0,00;0,28;52,88;2,84;48,86;0,74;48,86;0,74;0,08
300351B_09;300351;09B;0,01;0,00;0,05;0,00;0,52;52,22;2,11;49,65;1,08;49,65;1,08;0,05
300351B_10;300351;10B;0,01;0,00;0,05;0,00;0,23;53,31;4,01;48,19;0,85;48,19;0,85;0,10
300352_01;300352;01;0,01;0,00;0,05;0,00;0,45;51,06;3,92;45,98;1,63;45,98;1,63;0,10
300352_02;300352;02;0,01;0,00;0,05;0,00;0,78;47,69;1,77;46,02;1,36;46,02;1,36;0,03
300352_03;300352;03;0,01;0,00;0,05;0,00;0,67;49,55;2,52;46,00;1,59;46,00;1,59;0,07
300352_04;300352;04;0,01;0,00;0,05;0,00;0,64;47,31;2,00;46,36;1,27;46,36;1,27;0,02
300352_05;300352;05;0,01;0,00;0,06;0,00;0,52;60,52;3,48;58,96;1,81;58,96;1,81;0,03
300352_06;300352;06;0,01;0,00;0,05;0,00;0,73;49,80;2,97;48,26;2,16;48,26;2,16;0,03
300352_07;300352;07;0,01;0,00;0,05;0,00;0,70;48,23;1,87;45,76;1,27;45,76;1,27;0,05
300352_08;300352;08;0,01;0,00;0,04;0,00;0,53;44,67;2,47;43,30;1,29;43,30;1,29;0,03
300352_09;300352;09;0,01;0,00;0,05;0,00;0,19;52,07;7,07;44,30;1,14;44,30;1,14;0,15
300352_10;300352;10;0,01;0,00;0,05;0,00;0,47;47,37;2,84;44,55;1,29;44,55;1,29;0,06
;;;;;;;;;;;;;;
;;;;;;;;;;;;;;
;;;;;;;;;;;;;;
;;;;;;;;;;;;;;
;;;;;;;;;;;;;;
;;;;;;;;;;;;;;
;;;;;;;;;;;;;;
;;;;;;;;;;;;;;
;;;;;;;;;;;;;;
;;;;;;;;;;;;;;
;;;;;;;;;;;;;;
;;;;;;;;;;;;;;
;;;;;;;;;;;;;;
;;;;;;;;;;;;;;
;;;;;;;;;;;;;;
;;;;;;;;;;;;;;
;;;;;;;;;;;;;;
;;;;;;;;;;;;;;
;;;;;;;;;;;;;;
;;;;;;;;;;;;;;
;;;;;;;;;;;;;;
;;;;;;;;;;;;;;
;;;;;;;;;;;;;;
;;;;;;;;;;;;;;
;;;;;;;;;;;;;;
;;;;;;;;;;;;;;
;;;;;;;;;;;;;;
;;;;;;;;;;;;;;
;;;;;;;;;;;;;;
;;;;;;;;;;;;;;
;;;;;;;;;;;;;;
;;;;;;;;;;;;;;
;;;;;;;;;;;;;;
;;;;;;;;;;;;;;
;;;;;;;;;;;;;;
;;;;;;;;;;;;;;
;;;;;;;;;;;;;;
;;;;;;;;;;;;;;
;;;;;;;;;;;;;;
;;;;;;;;;;;;;;
;;;;;;;;;;;;;;
;;;;;;;;;;;;;;
;;;;;;;;;;;;;;
;;;;;;;;;;;;;;
;;;;;;;;;;;;;;
;;;;;;;;;;;;;;
;;;;;;;;;;;;;;
;;;;;;;;;;;;;;
;;;;;;;;;;;;;;
;;;;;;;;;;;;;;
;;;;;;;;;;;;;;
;;;;;;;;;;;;;;
;;;;;;;;;;;;;;
;;;;;;;;;;;;;;
;;;;;;;;;;;;;;
;;;;;;;;;;;;;;
;;;;;;;;;;;;;;
;;;;;;;;;;;;;;
;;;;;;;;;;;;;;
;;;;;;;;;;;;;;
;;;;;;;;;;;;;;
;;;;;;;;;;;;;;
;;;;;;;;;;;;;;
;;;;;;;;;;;;;;
;;;;;;;;;;;;;;
;;;;;;;;;;;;;;
;;;;;;;;;;;;;;
;;;;;;;;;;;;;;
;;;;;;;;;;;;;;
;;;;;;;;;;;;;;
;;;;;;;;;;;;;;
;;;;;;;;;;;;;;
;;;;;;;;;;;;;;
;;;;;;;;;;;;;;
;;;;;;;;;;;;;;
;;;;;;;;;;;;;;
;;;;;;;;;;;;;;
;;;;;;;;;;;;;;
;;;;;;;;;;;;;;
;;;;;;;;;;;;;;
;;;;;;;;;;;;;;
;;;;;;;;;;;;;;
;;;;;;;;;;;;;;
;;;;;;;;;;;;;;
;;;;;;;;;;;;;;
;;;;;;;;;;;;;;
;;;;;;;;;;;;;;
;;;;;;;;;;;;;;
;;;;;;;;;;;;;;
;;;;;;;;;;;;;;
;;;;;;;;;;;;;;
;;;;;;;;;;;;;;
;;;;;;;;;;;;;;
;;;;;;;;;;;;;;
;;;;;;;;;;;;;;
;;;;;;;;;;;;;;
;;;;;;;;;;;;;;
;;;;;;;;;;;;;;
;;;;;;;;;;;;;;
;;;;;;;;;;;;;;
;;;;;;;;;;;;;;
;;;;;;;;;;;;;;
;;;;;;;;;;;;;;
;;;;;;;;;;;;;;
;;;;;;;;;;;;;;
;;;;;;;;;;;;;;
;;;;;;;;;;;;;;
;;;;;;;;;;;;;;
;;;;;;;;;;;;;;
;;;;;;;;;;;;;;
;;;;;;;;;;;;;;
;;;;;;;;;;;;;;
;;;;;;;;;;;;;;
;;;;;;;;;;;;;;
;;;;;;;;;;;;;;
;;;;;;;;;;;;;;
;;;;;;;;;;;;;;
;;;;;;;;;;;;;;
;;;;;;;;;;;;;;
;;;;;;;;;;;;;;
;;;;;;;;;;;;;;
;;;;;;;;;;;;;;
;;;;;;;;;;;;;;
;;;;;;;;;;;;;;
;;;;;;;;;;;;;;
;;;;;;;;;;;;;;
;;;;;;;;;;;;;;
;;;;;;;;;;;;;;
;;;;;;;;;;;;;;
;;;;;;;;;;;;;;
;;;;;;;;;;;;;;
;;;;;;;;;;;;;;
;;;;;;;;;;;;;;
;;;;;;;;;;;;;;
;;;;;;;;;;;;;;
;;;;;;;;;;;;;;
;;;;;;;;;;;;;;
;;;;;;;;;;;;;;
;;;;;;;;;;;;;;
;;;;;;;;;;;;;;
;;;;;;;;;;;;;;
;;;;;;;;;;;;;;
;;;;;;;;;;;;;;
;;;;;;;;;;;;;;
;;;;;;;;;;;;;;
;;;;;;;;;;;;;;
;;;;;;;;;;;;;;
;;;;;;;;;;;;;;
;;;;;;;;;;;;;;
;;;;;;;;;;;;;;
;;;;;;;;;;;;;;
;;;;;;;;;;;;;;
;;;;;;;;;;;;;;
;;;;;;;;;;;;;;
;;;;;;;;;;;;;;
;;;;;;;;;;;;;;
;;;;;;;;;;;;;;
;;;;;;;;;;;;;;
;;;;;;;;;;;;;;
;;;;;;;;;;;;;;
;;;;;;;;;;;;;;
;;;;;;;;;;;;;;
;;;;;;;;;;;;;;
;;;;;;;;;;;;;;
;;;;;;;;;;;;;;
;;;;;;;;;;;;;;
;;;;;;;;;;;;;;
;;;;;;;;;;;;;;
;;;;;;;;;;;;;;
;;;;;;;;;;;;;;
;;;;;;;;;;;;;;
;;;;;;;;;;;;;;
;;;;;;;;;;;;;;
;;;;;;;;;;;;;;
;;;;;;;;;;;;;;
;;;;;;;;;;;;;;
;;;;;;;;;;;;;;
;;;;;;;;;;;;;;
;;;;;;;;;;;;;;
;;;;;;;;;;;;;;
;;;;;;;;;;;;;;
;;;;;;;;;;;;;;
;;;;;;;;;;;;;;
;;;;;;;;;;;;;;
;;;;;;;;;;;;;;
;;;;;;;;;;;;;;
;;;;;;;;;;;;;;
;;;;;;;;;;;;;;
;;;;;;;;;;;;;;
;;;;;;;;;;;;;;
;;;;;;;;;;;;;;
;;;;;;;;;;;;;;
;;;;;;;;;;;;;;
;;;;;;;;;;;;;;
;;;;;;;;;;;;;;
;;;;;;;;;;;;;;
;;;;;;;;;;;;;;
;;;;;;;;;;;;;;
;;;;;;;;;;;;;;
;;;;;;;;;;;;;;
;;;;;;;;;;;;;;
;;;;;;;;;;;;;;
;;;;;;;;;;;;;;
;;;;;;;;;;;;;;
;;;;;;;;;;;;;;
;;;;;;;;;;;;;;
;;;;;;;;;;;;;;
;;;;;;;;;;;;;;
;;;;;;;;;;;;;;
;;;;;;;;;;;;;;
;;;;;;;;;;;;;;
;;;;;;;;;;;;;;
;;;;;;;;;;;;;;
;;;;;;;;;;;;;;
;;;;;;;;;;;;;;
;;;;;;;;;;;;;;
;;;;;;;;;;;;;;
;;;;;;;;;;;;;;
;;;;;;;;;;;;;;
;;;;;;;;;;;;;;
;;;;;;;;;;;;;;
;;;;;;;;;;;;;;
;;;;;;;;;;;;;;
;;;;;;;;;;;;;;
;;;;;;;;;;;;;;
;;;;;;;;;;;;;;
;;;;;;;;;;;;;;
;;;;;;;;;;;;;;
;;;;;;;;;;;;;;
;;;;;;;;;;;;;;
;;;;;;;;;;;;;;
;;;;;;;;;;;;;;
;;;;;;;;;;;;;;
;;;;;;;;;;;;;;
;;;;;;;;;;;;;;
;;;;;;;;;;;;;;
;;;;;;;;;;;;;;
;;;;;;;;;;;;;;
;;;;;;;;;;;;;;
;;;;;;;;;;;;;;
;;;;;;;;;;;;;;
;;;;;;;;;;;;;;
;;;;;;;;;;;;;;
;;;;;;;;;;;;;;
;;;;;;;;;;;;;;
;;;;;;;;;;;;;;
;;;;;;;;;;;;;;
;;;;;;;;;;;;;;
;;;;;;;;;;;;;;
;;;;;;;;;;;;;;
;;;;;;;;;;;;;;
;;;;;;;;;;;;;;
;;;;;;;;;;;;;;
;;;;;;;;;;;;;;
;;;;;;;;;;;;;;
;;;;;;;;;;;;;;
;;;;;;;;;;;;;;
;;;;;;;;;;;;;;
;;;;;;;;;;;;;;
;;;;;;;;;;;;;;
;;;;;;;;;;;;;;
;;;;;;;;;;;;;;
;;;;;;;;;;;;;;
;;;;;;;;;;;;;;
;;;;;;;;;;;;;;
;;;;;;;;;;;;;;
;;;;;;;;;;;;;;
;;;;;;;;;;;;;;
;;;;;;;;;;;;;;
;;;;;;;;;;;;;;
;;;;;;;;;;;;;;
;;;;;;;;;;;;;;
;;;;;;;;;;;;;;
;;;;;;;;;;;;;;
;;;;;;;;;;;;;;
;;;;;;;;;;;;;;
;;;;;;;;;;;;;;
;;;;;;;;;;;;;;
;;;;;;;;;;;;;;
;;;;;;;;;;;;;;
;;;;;;;;;;;;;;
;;;;;;;;;;;;;;
;;;;;;;;;;;;;;
;;;;;;;;;;;;;;
;;;;;;;;;;;;;;
;;;;;;;;;;;;;;
;;;;;;;;;;;;;;
;;;;;;;;;;;;;;
;;;;;;;;;;;;;;
;;;;;;;;;;;;;;
;;;;;;;;;;;;;;
;;;;;;;;;;;;;;
;;;;;;;;;;;;;;
;;;;;;;;;;;;;;
;;;;;;;;;;;;;;
;;;;;;;;;;;;;;
;;;;;;;;;;;;;;
;;;;;;;;;;;;;;
;;;;;;;;;;;;;;
;;;;;;;;;;;;;;
;;;;;;;;;;;;;;
;;;;;;;;;;;;;;
;;;;;;;;;;;;;;
;;;;;;;;;;;;;;
;;;;;;;;;;;;;;
;;;;;;;;;;;;;;
;;;;;;;;;;;;;;
;;;;;;;;;;;;;;
;;;;;;;;;;;;;;
;;;;;;;;;;;;;;
;;;;;;;;;;;;;;
;;;;;;;;;;;;;;
;;;;;;;;;;;;;;
;;;;;;;;;;;;;;
;;;;;;;;;;;;;;
;;;;;;;;;;;;;;
;;;;;;;;;;;;;;
;;;;;;;;;;;;;;
;;;;;;;;;;;;;;
;;;;;;;;;;;;;;
;;;;;;;;;;;;;;
;;;;;;;;;;;;;;
;;;;;;;;;;;;;;
;;;;;;;;;;;;;;
;;;;;;;;;;;;;;
;;;;;;;;;;;;;;
;;;;;;;;;;;;;;
;;;;;;;;;;;;;;
;;;;;;;;;;;;;;
;;;;;;;;;;;;;;
;;;;;;;;;;;;;;
;;;;;;;;;;;;;;
;;;;;;;;;;;;;;
;;;;;;;;;;;;;;
;;;;;;;;;;;;;;
;;;;;;;;;;;;;;
;;;;;;;;;;;;;;
;;;;;;;;;;;;;;
;;;;;;;;;;;;;;
;;;;;;;;;;;;;;
;;;;;;;;;;;;;;
;;;;;;;;;;;;;;
;;;;;;;;;;;;;;
;;;;;;;;;;;;;;
;;;;;;;;;;;;;;
;;;;;;;;;;;;;;
;;;;;;;;;;;;;;
;;;;;;;;;;;;;;
;;;;;;;;;;;;;;
;;;;;;;;;;;;;;
;;;;;;;;;;;;;;
;;;;;;;;;;;;;;
;;;;;;;;;;;;;;
;;;;;;;;;;;;;;
;;;;;;;;;;;;;;
;;;;;;;;;;;;;;
;;;;;;;;;;;;;;
;;;;;;;;;;;;;;
;;;;;;;;;;;;;;
;;;;;;;;;;;;;;
;;;;;;;;;;;;;;
;;;;;;;;;;;;;;
;;;;;;;;;;;;;;
;;;;;;;;;;;;;;
;;;;;;;;;;;;;;
;;;;;;;;;;;;;;
;;;;;;;;;;;;;;
;;;;;;;;;;;;;;
;;;;;;;;;;;;;;
;;;;;;;;;;;;;;
;;;;;;;;;;;;;;
;;;;;;;;;;;;;;
;;;;;;;;;;;;;;
;;;;;;;;;;;;;;
;;;;;;;;;;;;;;
;;;;;;;;;;;;;;
;;;;;;;;;;;;;;
;;;;;;;;;;;;;;
;;;;;;;;;;;;;;
;;;;;;;;;;;;;;
;;;;;;;;;;;;;;
;;;;;;;;;;;;;;
;;;;;;;;;;;;;;
;;;;;;;;;;;;;;
;;;;;;;;;;;;;;
;;;;;;;;;;;;;;
;;;;;;;;;;;;;;
;;;;;;;;;;;;;;
;;;;;;;;;;;;;;
;;;;;;;;;;;;;;
